{
    "Model": "Recore",
    "Revision": "A6",
    "SerialNumber": "0204",
    "Voltages": {},
    "Opamps": {},
    "calibration_outputs": {
        "100": {
            "-0.005": -0.004976616746,
            "0.0": 3.332568948e-05,
            "0.005": 0.005033148282,
            "0.01": 0.01003433153,
            "0.015": 0.01534389579,
            "0.02": 0.02003375238,
            "-0.003": -0.002965690187,
            "-0.001": -0.0009656561691
        },
        "1": {
            "0": 0.0003610989256,
            "1": 1.000337944,
            "2": 2.000386689,
            "3": 3.00037348,
            "0.0": 3.371570371e-05,
            "3.0": 3.000083895,
            "1.0": 1.000026977,
            "0.1": 0.1000311998
        },
        "GND": {
            "ON": 0.001243822821,
            "OFF": -3.014252824e-05
        },
        "BOARD_GND": {
            "ON": -0.005531136337,
            "OFF": 0.000711098574
        },
        "JIG_GND": {
            "ON": -3.683141888e-06,
            "OFF": -3.652351291e-06
        }
    }
}