{
    "Model": "Recore",
    "Revision": "A6",
    "SerialNumber": "0258",
    "Voltages": {},
    "Opamps": {},
    "calibration_outputs": {
        "100": {
            "-0.005": -0.004976616746,
            "0.0": 3.335382015e-05,
            "0.005": 0.005033777363,
            "0.01": 0.01003417158,
            "0.015": 0.01534389579,
            "0.02": 0.02003405095,
            "-0.003": -0.002964995965,
            "-0.001": -0.000963156804,
            "-0.004": -0.003964906778,
            "-0.002": -0.001964003073
        },
        "1": {
            "0": 0.0003610989256,
            "1": 1.000337944,
            "2": 2.000386689,
            "3": 3.00037348,
            "0.0": 3.354736262e-05,
            "3.0": 3.000078506,
            "1.0": 1.000029234,
            "0.1": 0.1000311998
        },
        "GND": {
            "ON": 0.001243822821,
            "OFF": -3.014252824e-05
        },
        "BOARD_GND": {
            "ON": 0.02003414039,
            "OFF": 0.02003420784
        },
        "JIG_GND": {
            "ON": 1.054471618,
            "OFF": 1.054798492
        }
    }
}