{
    "Model": "Recore",
    "Revision": "A6",
    "SerialNumber": "0202",
    "Voltages": {},
    "Opamps": {},
    "calibration_outputs": {
        "100": {
            "-0.005": -0.004976616746,
            "0.0": 3.269081669e-05,
            "0.005": 0.005032915153,
            "0.01": 0.01003365706,
            "0.015": 0.01534389579,
            "0.02": 0.02003171727,
            "-0.003": -0.002965690187,
            "-0.001": -0.0009661722781
        },
        "1": {
            "0": 0.0003610989256,
            "1": 1.000337944,
            "2": 2.000386689,
            "3": 3.00037348,
            "0.0": 3.401041371e-05,
            "3.0": 3.000082428,
            "1.0": 1.000025568,
            "0.1": 0.1000311998
        },
        "GND": {
            "ON": 0.001243822821,
            "OFF": -3.014252824e-05
        },
        "BOARD_GND": {
            "ON": -0.003690588814,
            "OFF": 0.001284349111
        },
        "JIG_GND": {
            "ON": -3.353242634e-06,
            "OFF": -3.694871639e-06
        }
    }
}