{
    "Model": "Recore",
    "Revision": "A6",
    "SerialNumber": "0249",
    "Voltages": {},
    "Opamps": {},
    "calibration_outputs": {
        "100": {
            "-0.005": -0.004976616746,
            "0.0": 2.709741296e-05,
            "0.005": 0.005027221844,
            "0.01": 0.01002821282,
            "0.015": 0.01534389579,
            "0.02": 0.02002747198,
            "-0.003": -0.002965690187,
            "-0.001": -0.0009723749975
        },
        "1": {
            "0": 0.0003610989256,
            "1": 1.000337944,
            "2": 2.000386689,
            "3": 3.00037348,
            "0.0": 2.70138378e-05,
            "3.0": 3.00006501,
            "1.0": 1.000022645,
            "0.1": 0.1000311998
        },
        "GND": {
            "ON": 0.001243822821,
            "OFF": -3.014252824e-05
        },
        "BOARD_GND": {
            "ON": 0.02002796316,
            "OFF": 0.02002752623
        },
        "JIG_GND": {
            "ON": 1.254769463,
            "OFF": 1.254524622
        }
    }
}