{
    "Model": "Recore",
    "Revision": "A6",
    "SerialNumber": "0202",
    "Voltages": {},
    "Opamps": {},
    "calibration_outputs": {
        "100": {
            "-0.005": -0.004657909141,
            "0.0": 3.32655745e-05,
            "0.005": 0.005033601344,
            "0.01": 0.0103427756,
            "0.015": 0.01534389579,
            "0.02": 0.020035006,
            "-0.003": -0.002965690187
        },
        "1": {
            "0": 0.0003610989256,
            "1": 1.000337944,
            "2": 2.000386689,
            "3": 3.00037348,
            "0.0": 3.401041371e-05,
            "3.0": 3.000070838,
            "1.0": 1.000028987,
            "0.1": 0.1000333536
        },
        "GND": {
            "ON": 0.001243822821,
            "OFF": -3.014252824e-05
        },
        "BOARD_GND": {
            "ON": -0.006743346012,
            "OFF": 0.0008113776835
        },
        "JIG_GND": {
            "ON": -3.878149002e-06,
            "OFF": -3.840027311e-06
        }
    }
}