{
    "Model": "Recore",
    "Revision": "A6",
    "SerialNumber": "0202",
    "Voltages": {},
    "Opamps": {},
    "calibration_outputs": {
        "100": {
            "-0.005": -0.004657909141,
            "0.0": 0.00034114222,
            "0.005": 0.005342476484,
            "0.01": 0.0103427756,
            "0.015": 0.01534389579,
            "0.02": 0.02003958207,
            "-0.003": -0.002958153822
        },
        "1": {
            "0": 0.0003610989256,
            "1": 1.000337944,
            "2": 2.000386689,
            "3": 3.00037348,
            "0.0": 4.10834537e-05,
            "3.0": 3.000102966
        },
        "GND": {
            "ON": 0.001243822821,
            "OFF": -3.014252824e-05
        },
        "BOARD_GND": {
            "ON": -0.005993738665,
            "OFF": 0.0004451880459
        },
        "JIG_GND": {
            "ON": -8.797313426e-09,
            "OFF": -2.419261192e-07
        }
    }
}