{
    "Model": "Recore",
    "Revision": "A5",
    "SerialNumber": "0140",
    "Voltages": {},
    "Opamps": {},
    "calibration_outputs": {
        "100": {
            "-0.005": -0.004657909141,
            "0.0": 0.00034114222,
            "0.005": 0.005342476484,
            "0.01": 0.0103427756,
            "0.015": 0.01534389579,
            "0.02": 0.02034163782
        },
        "1": {
            "0": 0.0003610989256,
            "1": 1.000337944,
            "2": 2.000386689,
            "3": 3.00037348
        },
        "GND": {
            "ON": 0.001243822821,
            "OFF": -3.014252824e-05
        }
    }
}