{
    "Model": "Recore",
    "Revision": "A6",
    "SerialNumber": "0244",
    "Voltages": {},
    "Opamps": {},
    "calibration_outputs": {
        "100": {
            "-0.005": -0.004976616746,
            "0.0": 0.000659456401,
            "0.005": 0.00565970253,
            "0.01": 0.01065918329,
            "0.015": 0.01534389579,
            "0.02": 0.02065661112,
            "-0.003": -0.002965690187,
            "-0.001": -0.0003382492013
        },
        "1": {
            "0": 0.0003610989256,
            "1": 1.000337944,
            "2": 2.000386689,
            "3": 3.00037348,
            "0.0": 0.0006600590219,
            "3.0": 3.000109166,
            "1.0": 1.000462449,
            "0.1": 0.1000311998
        },
        "GND": {
            "ON": 0.001243822821,
            "OFF": -3.014252824e-05
        },
        "BOARD_GND": {
            "ON": -0.002263885411,
            "OFF": -2.545816684e-05
        },
        "JIG_GND": {
            "ON": -2.062986854e-06,
            "OFF": -2.227204713e-06
        }
    }
}