{
    "Model": "Recore",
    "Revision": "A5",
    "SerialNumber": "0119",
    "Voltages": {},
    "Opamps": {},
    "calibration_outputs": {
        "100": {
            "-0.005": -0.004671619124,
            "0.0": 0.0003274981595,
            "0.005": 0.005327952637,
            "0.01": 0.01032931031,
            "0.015": 0.01532871644,
            "0.02": 0.02032816362
        },
        "1": {
            "0": 0.0003269102047,
            "1": 1.000352261,
            "2": 2.000387564,
            "3": 3.000378824
        },
        "GND": {
            "ON": 0.0007480676591,
            "OFF": 7.191229811e-05
        }
    }
}