{
    "Model": "Recore",
    "Revision": "A6",
    "SerialNumber": "0271",
    "Voltages": {},
    "Opamps": {},
    "calibration_outputs": {
        "100": {
            "-0.005": -0.004976616746,
            "0.0": 1.419609774e-05,
            "0.005": 0.005014020081,
            "0.01": 0.01001408306,
            "0.015": 0.01534389579,
            "0.02": 0.02001406973,
            "-0.003": -0.002985283054,
            "-0.001": -0.0009851728206,
            "-0.004": -0.003985021464,
            "-0.002": -0.001986384798
        },
        "1": {
            "0": 0.0003610989256,
            "1": 1.000337944,
            "2": 2.000386689,
            "3": 3.00037348,
            "0.0": 1.405533908e-05,
            "3.0": 3.000062411,
            "1.0": 1.000009318,
            "0.1": 0.1000311998
        },
        "GND": {
            "ON": 0.001243822821,
            "OFF": -3.014252824e-05
        },
        "BOARD_GND": {
            "ON": -0.004856402635,
            "OFF": 0.006107930436
        },
        "JIG_GND": {
            "ON": -2.321051717e-06,
            "OFF": -2.236010024e-06
        }
    }
}