{
    "Model": "Recore",
    "Revision": "A5",
    "SerialNumber": "0112",
    "Voltages": {},
    "Opamps": {},
    "calibration_outputs": {
        "100": {
            "-0.005": -0.004380036059,
            "0.0": 0.0006196017327,
            "0.005": 0.00561994771,
            "0.01": 0.01062140655,
            "0.015": 0.01562132439,
            "0.02": 0.02062270112
        },
        "1": {
            "0": 0.0006190636294,
            "1": 1.000625036,
            "2": 2.000682433,
            "3": 3.000671053
        },
        "GND": {
            "ON": 0.001873995253,
            "OFF": -4.842782886e-05
        }
    }
}