{
    "Model": "Recore",
    "Revision": "A5",
    "SerialNumber": "0002",
    "Voltages": {},
    "Opamps": {},
    "calibration_outputs": {
        "100": {
            "-0.005": -0.00441102465,
            "0.0": 0.0005860883086,
            "0.005": 0.005587827196,
            "0.01": 0.01058700459,
            "0.015": 0.01558635354,
            "0.02": 0.02065521312
        },
        "1": {
            "0": 0.000587805254,
            "1": 1.000585607,
            "2": 2.000643558,
            "3": 3.000629684
        },
        "GND": {
            "ON": 0.006303805132,
            "OFF": 9.463726464e-05
        }
    }
}