{
    "Model": "Recore",
    "Revision": "A7",
    "SerialNumber": "0349",
    "Voltages": {},
    "Opamps": {},
    "calibration_outputs": {
        "100": {
            "-0.005": -0.004976616746,
            "0.0": 2.702566345e-05,
            "0.005": 0.005027337904,
            "0.01": 0.01002981724,
            "0.015": 0.01534389579,
            "0.02": 0.02003032589,
            "-0.003": -0.00297006499,
            "-0.001": -0.0009695867311,
            "-0.004": -0.003971137675,
            "-0.002": -0.001968910196
        },
        "1": {
            "0": 0.0003610989256,
            "1": 1.000337944,
            "2": 2.000386689,
            "3": 3.00037348,
            "0.0": 2.774411913e-05,
            "3.0": 3.000087643,
            "1.0": 1.000027763,
            "0.1": 0.1000311998,
            "2.0": 2.000102145
        },
        "GND": {
            "ON": 0.001243822821,
            "OFF": -3.014252824e-05
        },
        "BOARD_GND": {
            "ON": 0.02003018073,
            "OFF": 0.02002925114
        },
        "JIG_GND": {
            "ON": 1.247889756,
            "OFF": 1.24792379
        }
    }
}