{
    "Model": "Recore",
    "Revision": "A8",
    "SerialNumber": "0403",
    "Voltages": {},
    "Opamps": {},
    "calibration_outputs": {
        "100": {
            "-0.005": -0.004976616746,
            "0.0": 4.063593792e-05,
            "0.005": 0.005041350204,
            "0.01": 0.01002981724,
            "0.015": 0.01534389579,
            "0.02": 0.0200401189,
            "-0.003": -0.002971117873,
            "-0.001": -0.0009579518939,
            "-0.004": -0.003978947813,
            "-0.002": -0.001956686426
        },
        "1": {
            "0": 0.0003610989256,
            "1": 1.000337944,
            "2": 2.000386689,
            "3": 3.00037348,
            "0.0": 4.048923778e-05,
            "3.0": 3.000104646,
            "1.0": 1.000040603,
            "0.1": 0.1000311998,
            "2.0": 2.000122723
        },
        "GND": {
            "ON": 0.001243822821,
            "OFF": -3.014252824e-05
        },
        "BOARD_GND": {
            "ON": -0.0006063116658,
            "OFF": 0.001342159552
        },
        "JIG_GND": {
            "ON": -0.0006023507621,
            "OFF": 0.001345386955
        }
    }
}